"Swahili (sw)","English (en)","Spanish (es)","French (fr)","Chinese (zh)","Hindi (hi)","Urdu (ur)","German (de)"
"Mauzo - Dukamkononi Muuzaji","Sales - Dukamkononi Seller","Ventas - Vendedor de Dukamkononi","Ventes - Vendeur Dukamkononi","销售 - Dukamkononi 卖家","बिक्री - Dukamkononi विक्रेता","فروخت - Dukamkononi فروش کنندہ","Verkäufe - Dukamkononi Verkäufer"
"D","D","D","D","D","D","D","D"
"DukaMkononi","DukaMkononi","DukaMkononi","DukaMkononi","DukaMkononi","DukaMkononi","DukaMkononi","DukaMkononi"
"Muuzaji Portal","Seller Portal","Portal del Vendedor","Portail Vendeur","卖家门户","विक्रेता पोर्टल","فروش کنندہ پورٹل","Verkäuferportal"
"Profaili","Profile","Perfil","Profil","个人资料","प्रोफ़ाइल","پروفائل","Profil"
"Mauzo","Sales","Ventas","Ventes","销售","बिक्री","فروخت","Verkäufe"
"Matumizi","Expenses","Gastos","Dépenses","支出","खर्च","اخراجات","Ausgaben"
"Uza","Sell","Vender","Vendre","出售","बेचें","بیچیں","Verkaufen"
"Muuzaji","Seller","Vendedor","Vendeur","卖家","विक्रेता","فروش کنندہ","Verkäufer"
"Ondoka","Log Out","Cerrar Sesión","Se Déconnecter","退出登录","लॉग आउट","لاگ آؤٹ","Abmelden"
"Inapakua data ya mauzo...","Loading sales data...","Cargando datos de ventas...","Chargement des données de ventes...","正在加载销售数据……","बिक्री डेटा लोड हो रहा है...","فروخت کا ڈیٹا لوڈ ہو رہا ہے...","Verkaufsdaten werden geladen..."
"Hariri Mauzo","Edit Sale","Editar Venta","Modifier la Vente","编辑销售","बिक्री संपादित करें","فروخت میں ترمیم کریں","Verkauf Bearbeiten"
"Ghairi","Cancel","Cancelar","Annuler","取消","रद्द करें","منسوخ کریں","Abbrechen"
"Hifadhi Mabadiliko","Save Changes","Guardar Cambios","Enregistrer les Modifications","保存更改","परिवर्तन सहेजें","تبدیلیاں محفوظ کریں","Änderungen Speichern"
"Funga Mauzo Ya Leo?","Close Today's Sales?","¿Cerrar las Ventas de Hoy?","Fermer les Ventes du Jour ?","关闭今天的销售？","आज की बिक्री बंद करें?","آج کی فروخت بند کریں؟","Heutige Verkäufe Schließen?"
"Funga Mauzo","Close Sales","Cerrar Ventas","Fermer les Ventes","关闭销售","बिक्री बंद करें","فروخت بند کریں","Verkäufe Schließen"
"Picha","Photo","Foto","Photo","照片","फ़ोटो","تصویر","Foto"
"Huna ruhusa ya kuingia kwenye eneo la Muuzaji.","You do not have permission to enter the Seller area.","No tienes permiso para entrar en el área de Vendedor.","Vous n'avez pas la permission d'accéder à l'espace Vendeur.","您没有权限进入卖家区域。","आपके पास विक्रेता क्षेत्र में प्रवेश करने की अनुमति नहीं है।","آپ کو فروش کنندہ کے علاقے میں داخل ہونے کی اجازت نہیں ہے۔","Sie haben keine Berechtigung, den Verkäuferbereich zu betreten."
"Mteja Bila Jina","Customer Without Name","Cliente Sin Nombre","Client Sans Nom","无姓名客户","बिना नाम का ग्राहक","بغیر نام کے گاہک","Kunde Ohne Namen"
"Bidhaa","Product","Producto","Produit","商品","उत्पाद","مصنوعات","Produkt"
"Mteja:","Customer:","Cliente:","Client :","客户：","ग्राहक:","گاہک:","Kunde:"
"Mauzo yamehaririwa kikamilifu!","Sale edited successfully!","¡Venta editada correctamente!","Vente modifiée avec succès !","销售已成功修改！","बिक्री सफलतापूर्वक संपादित की गई!","فروخت کامیابی سے تبدیل کر دی گئی!","Verkauf erfolgreich bearbeitet!"
"Server haijasasishwa bado, kwa hivyo kuhariri mauzo hakujawasilishwa. Mwambie msimamizi wa mfumo asasishe server.","The server has not been updated yet, so editing sales was not submitted. Tell the system administrator to update the server.","El servidor aún no se ha actualizado, por lo que la edición de ventas no se envió. Dile al administrador del sistema que actualice el servidor.","Le serveur n'a pas encore été mis à jour, donc la modification des ventes n'a pas été envoyée. Demandez à l'administrateur système de mettre à jour le serveur.","服务器尚未更新，因此编辑销售未提交。请告诉系统管理员更新服务器。","सर्वर अभी तक अपडेट नहीं हुआ है, इसलिए बिक्री संपादन सबमिट नहीं हुआ। सिस्टम प्रशासक से सर्वर अपडेट करने को कहें।","سرور ابھی تک اپ ڈیٹ نہیں ہوا، اس لیے فروخت میں ترمیم جمع نہیں ہوئی۔ سسٹم منتظم سے کہیں کہ سرور اپ ڈیٹ کرے۔","Der Server wurde noch nicht aktualisiert, daher wurde die Verkaufsbearbeitung nicht übermittelt. Bitten Sie den Systemadministrator, den Server zu aktualisieren."
"Imeshindikana kuhariri mauzo. Jaribu tena.","Failed to edit the sale. Try again.","No se pudo editar la venta. Inténtalo de nuevo.","Impossible de modifier la vente. Réessayez.","编辑销售失败。请重试。","बिक्री संपादित करने में विफल। पुनः प्रयास करें।","فروخت میں ترمیم کرنے میں ناکامی۔ دوبارہ کوشش کریں۔","Verkauf konnte nicht bearbeitet werden. Versuchen Sie es erneut."
"Imeshindikana kuhariri mauzo","Failed to edit the sale","No se pudo editar la venta","Impossible de modifier la vente","编辑销售失败","बिक्री संपादित करने में विफल","فروخت میں ترمیم کرنے میں ناکامی","Verkauf konnte nicht bearbeitet werden"
"Imeshindikana kuhariri mauzo. Angalia muunganisho na ujaribu tena.","Failed to edit the sale. Check your connection and try again.","No se pudo editar la venta. Revisa tu conexión e inténtalo de nuevo.","Impossible de modifier la vente. Vérifiez votre connexion et réessayez.","编辑销售失败。请检查网络连接后重试。","बिक्री संपादित करने में विफल। अपना कनेक्शन जाँचें और पुनः प्रयास करें।","فروخت میں ترمیم کرنے میں ناکامی۔ اپنا کنکشن چیک کریں اور دوبارہ کوشش کریں۔","Verkauf konnte nicht bearbeitet werden. Überprüfen Sie Ihre Verbindung und versuchen Sie es erneut."
"Mauzo ya leo yamefungwa kikamilifu!","Today's sales have been closed successfully!","¡Las ventas de hoy se han cerrado correctamente!","Les ventes du jour ont été clôturées avec succès !","今天的销售已成功关闭！","आज की बिक्री सफलतापूर्वक बंद कर दी गई!","آج کی فروخت کامیابی سے بند کر دی گئی!","Die heutigen Verkäufe wurden erfolgreich abgeschlossen!"
"DUKAMKONONI","DUKAMKONONI","DUKAMKONONI","DUKAMKONONI","DUKAMKONONI","DUKAMKONONI","DUKAMKONONI","DUKAMKONONI"
"RISITI YA MAUZO","SALES RECEIPT","RECIBO DE VENTA","REÇU DE VENTE","销售收据","बिक्री रसीद","فروخت کی رسید","VERKAUFSBELEG"
"Nambari:","Number:","Número:","Numéro :","编号：","नंबर:","نمبر:","Nummer:"
"Tarehe:","Date:","Fecha:","Date :","日期：","तारीख:","تاریخ:","Datum:"
"Muda:","Time:","Hora:","Heure :","时间：","समय:","وقت:","Uhrzeit:"
"Kiasi","Quantity","Cantidad","Quantité","数量","मात्रा","مقدار","Menge"
"Bei","Price","Precio","Prix","价格","मूल्य","قیمت","Preis"
"Jumla","Total","Total","Total","总计","कुल","کل","Gesamt"
"Jumla:","Total:","Total:","Total :","总计：","कुल:","کل:","Gesamt:"
"Asante kwa Kununua Nasi!","Thank you for buying from us!","¡Gracias por comprar con nosotros!","Merci de votre achat chez nous !","感谢您与我们购买！","हमसे खरीदारी के लिए धन्यवाद!","ہم سے خریداری کے لیے شکریہ!","Vielen Dank für Ihren Einkauf!"
"Risiti - ${sale.invoice_number || sale.id}","Receipt - ${sale.invoice_number || sale.id}","Recibo - ${sale.invoice_number || sale.id}","Reçu - ${sale.invoice_number || sale.id}","收据 - ${sale.invoice_number || sale.id}","रसीद - ${sale.invoice_number || sale.id}","رسید - ${sale.invoice_number || sale.id}","Beleg - ${sale.invoice_number || sale.id}"
"Mauzo ya leo yamefungwa, hayawezi kuhaririwa tena.","Today's sales are closed, they can no longer be edited.","Las ventas de hoy están cerradas, ya no se pueden editar.","Les ventes du jour sont clôturées, elles ne peuvent plus être modifiées.","今天的销售已关闭，无法再编辑。","आज की बिक्री बंद है, अब इन्हें संपादित नहीं किया जा सकता।","آج کی فروخت بند ہے، اب ان میں ترمیم نہیں کی جا سکتی۔","Die heutigen Verkäufe sind abgeschlossen und können nicht mehr bearbeitet werden."
"Nambari ya Ankra","Invoice Number","Número de Factura","Numéro de Facture","发票号码","इनवॉइस नंबर","انوائس نمبر","Rechnungsnummer"
"Jina la Bidhaa","Product Name","Nombre del Producto","Nom du Produit","商品名称","उत्पाद का नाम","مصنوعات کا نام","Produktname"
"Bei ya Uuzaji (TZS)","Selling Price (TZS)","Precio de Venta (TZS)","Prix de Vente (TZS)","销售价格（TZS）","विक्रय मूल्य (TZS)","فروخت قیمت (TZS)","Verkaufspreis (TZS)"
"Jina la Mteja *","Customer Name *","Nombre del Cliente *","Nom du Client *","客户姓名 *","ग्राहक का नाम *","گاہک کا نام *","Kundenname *"
"Weka jina la mteja","Enter the customer's name","Introduce el nombre del cliente","Saisissez le nom du client","请输入客户姓名","ग्राहक का नाम दर्ज करें","گاہک کا نام درج کریں","Geben Sie den Kundennamen ein"
"Muhtasari wa Mabadiliko","Summary of Changes","Resumen de Cambios","Résumé des Modifications","更改摘要","परिवर्तनों का सारांश","تبدیلیوں کا خلاصہ","Zusammenfassung der Änderungen"
"Bidhaa:","Product:","Producto:","Produit :","商品：","उत्पाद:","مصنوعات:","Produkt:"
"Kiasi (Zamani):","Quantity (Old):","Cantidad (Anterior):","Quantité (Ancienne) :","数量（原）：","मात्रा (पुरानी):","مقدار (پرانے):","Menge (Alt):"
"Kiasi (Mpya):","Quantity (New):","Cantidad (Nueva):","Quantité (Nouvelle) :","数量（新）：","मात्रा (नई):","مقدار (نئی):","Menge (Neu):"
"Bei ya Uuzaji:","Selling Price:","Precio de Venta:","Prix de Vente :","销售价格：","विक्रय मूल्य:","فروخت قیمت:","Verkaufspreis:"
"Bila Jina","Without Name","Sin Nombre","Sans Nom","无姓名","बिना नाम","بغیر نام","Ohne Namen"
"Jumla kamili:","Grand Total:","Total General:","Total Général :","总计：","कुल योग:","کل میزان:","Gesamtsumme:"
"Kiongeza kiasi = kuuza zaidi; kupunguza = kurudisha stoo","Increasing the quantity = selling more; reducing = returning stock","Aumentar la cantidad = vender más; reducir = devolver stock","Augmenter la quantité = vendre plus ; réduire = retourner le stock","增加数量 = 多卖；减少 = 退回库存","मात्रा बढ़ाना = अधिक बेचना; घटाना = स्टॉक वापस करना","مقدار بڑھانا = زیادہ بیچنا؛ کم کرنا = اسٹاک واپس کرنا","Erhöhen der Menge = mehr verkaufen; Verringern = Lager zurückgeben"
"Mauzo ${salesData.length} ya leo yatafungwa na hayawezi kuhaririwa tena.","${salesData.length} sales of today will be closed and can no longer be edited.","${salesData.length} ventas de hoy se cerrarán y ya no se podrán editar.","${salesData.length} ventes du jour seront clôturées et ne pourront plus être modifiées.","今天的 ${salesData.length} 笔销售将被关闭且无法再编辑。","आज की ${salesData.length} बिक्री बंद कर दी जाएगी और अब संपादित नहीं की जा सकेगी।","آج کی ${salesData.length} فروخت بند کر دی جائیں گی اور اب ان میں ترمیم نہیں کی جا سکے گی۔","${salesData.length} Verkäufe von heute werden abgeschlossen und können nicht mehr bearbeitet werden."
"Jumla ya leo: ${formatCurrency(total)}","Today's total: ${formatCurrency(total)}","Total de hoy: ${formatCurrency(total)}","Total du jour : ${formatCurrency(total)}","今日总计：${formatCurrency(total)}","आज का कुल: ${formatCurrency(total)}","آج کا کل: ${formatCurrency(total)}","Gesamtsumme heute: ${formatCurrency(total)}"
"Wateja walionunua leo: ${customers}","Customers who bought today: ${customers}","Clientes que compraron hoy: ${customers}","Clients ayant acheté aujourd'hui : ${customers}","今天购买的客户：${customers}","आज खरीदने वाले ग्राहक: ${customers}","آج خریداری کرنے والے گاہک: ${customers}","Kunden, die heute gekauft haben: ${customers}"
"Inahifadhi...","Saving...","Guardando...","Enregistrement...","正在保存……","सहेजा जा रहा है...","محفوظ کیا جا رہا ہے...","Wird gespeichert..."
"Hariri","Edit","Editar","Modifier","编辑","संपादित करें","ترمیم کریں","Bearbeiten"
"Dai Risiti","Request Receipt","Solicitar Recibo","Demander un Reçu","索取收据","रसीद मांगें","رسید طلب کریں","Beleg Anfordern"
"Mauzo Ya Leo","Today's Sales","Ventas de Hoy","Ventes du Jour","今日销售","आज की बिक्री","آج کی فروخت","Heutige Verkäufe"
"IMEFUNGWA","CLOSED","CERRADO","CLÔTURÉ","已关闭","बंद","بند","GESCHLOSSEN"
"Jumla Ya Leo","Today's Total","Total de Hoy","Total du Jour","今日总计","आज का कुल","آج کا کل","Gesamtsumme Heute"
"Wateja","Customers","Clientes","Clients","客户","ग्राहक","گاہک","Kunden"
"Hakuna Mauzo Ya Leo","No Sales Today","Sin Ventas Hoy","Aucune Vente Aujourd'hui","今天没有销售","आज कोई बिक्री नहीं","آج کوئی فروخت نہیں","Heute Keine Verkäufe"
"Bado haujafanya mauzo yoyote leo. Nenda kwenye ukurasa wa kuuza.","You have not made any sales today yet. Go to the selling page.","Aún no has realizado ninguna venta hoy. Ve a la página de venta.","Vous n'avez encore effectué aucune vente aujourd'hui. Allez à la page de vente.","您今天还没有进行任何销售。请前往销售页面。","आपने आज अभी तक कोई बिक्री नहीं की। बेचने के पेज पर जाएँ।","آپ نے آج ابھی تک کوئی فروخت نہیں کی۔ بیچنے کے صفحے پر جائیں۔","Sie haben heute noch keine Verkäufe getätigt. Gehen Sie zur Verkaufsseite."
"Nenda Kuuza","Go Sell","Ve a Vender","Aller Vendre","去出售","बेचने जाएँ","بیچنے جائیں","Zum Verkaufen"
"FUNGA MAUZO YA LEO","CLOSE TODAY'S SALES","CERRAR LAS VENTAS DE HOY","FERMER LES VENTES DU JOUR","关闭今天的销售","आज की बिक्री बंद करें","آج کی فروخت بند کریں","HEUTIGE VERKÄUFE SCHLIESSEN"
"Fedha Taslimu","Cash","Efectivo","Espèces","现金","नकद","نقد","Bargeld"
"Malipo ya Kadi","Card Payment","Pago con Tarjeta","Paiement par Carte","刷卡支付","कार्ड भुगतान","کارڈ ادائیگی","Kartenzahlung"
